request_id,amount_safe_to_pay,affordability_status,recommended_payment_method,payment_plan,earliest_date_for_full_payment,spending_changes_needed,decision_explanation
request_26,15656000.00,affordable_now,full_payment,2025-08-03:15656000,2025-08-03,none,"Pay IDR 15,656,000 today. This leaves at least IDR 71,958,901.16 available."
request_27,6670.00,affordable_now,full_payment,2026-07-05:6670,2026-07-05,none,"Pay ZAR 6,670 today. This leaves at least ZAR 64,624.86 available."
request_28,429.49,affordable_later,wait,2024-07-15:1302.4,2024-07-15,none,"Pay EUR 1,302.4 in full on 2024-07-15. Paying earlier would risk the EUR 1,422.99 minimum."
request_29,19406.92,not_affordable,not_recommended,none,,none,"Do not make this payment by 2025-11-23. None of the available options keeps the ZAR 28,300 minimum protected."
request_30,775.20,affordable_with_plan,installments,2026-04-06:268.74|2026-05-06:268.74|2026-06-05:268.74,2026-04-06,none,"Use 3 installments of USD 268.74, starting 2026-04-06. This leaves at least USD 2,034.89 available."
request_31,5622969.36,affordable_later,wait,2024-10-15:18164000,2024-10-15,none,"Pay IDR 18,164,000 in full on 2024-10-15. Paying earlier would risk the IDR 22,211,869.36 minimum."
request_32,0,not_affordable,not_recommended,none,,none,"Do not make this payment by 2025-04-15. None of the available options keeps the ZAR 35,700 minimum protected."
request_33,46162.22,affordable_later,wait,2026-02-15:118000,2026-02-15,none,"Pay INR 118,000 in full on 2026-02-15. Paying earlier would risk the INR 148,262.22 minimum."
request_34,129400.00,affordable_now,full_payment,2024-12-04:129400,2024-12-04,none,"Pay INR 129,400 today. This leaves at least INR 405,551.66 available."
request_35,55303.66,affordable_later,wait,2025-12-15:212000,2025-12-15,none,"Pay INR 212,000 in full on 2025-12-15. Paying earlier would risk the INR 106,770.26 minimum."
request_36,921.23,affordable_later,wait,2026-08-15:3954,2026-08-15,none,"Pay USD 3,954 in full on 2026-08-15. Paying earlier would risk the USD 3,160.29 minimum."
request_37,6828914.15,affordable_later,wait,2024-04-15:14649000,2024-04-15,none,"Pay IDR 14,649,000 in full on 2024-04-15. Paying earlier would risk the IDR 23,434,685.19 minimum."
request_38,213.30,affordable_later,wait,2025-09-15:971.3,2025-09-15,none,Pay EUR 971.3 in full on 2025-09-15. Paying earlier would risk the EUR 528.76 minimum.
request_39,82378.32,affordable_later,wait,2026-05-15:208600,2026-05-15,none,"Pay INR 208,600 in full on 2026-05-15. Paying earlier would risk the INR 295,778.32 minimum."
request_40,0,not_affordable,not_recommended,none,,none,"Do not make this payment by 2024-08-15. None of the available options keeps the EUR 1,500 minimum protected."
request_41,13895313.67,affordable_later,wait,2025-12-15:38760000,2025-12-15,none,"Pay IDR 38,760,000 in full on 2025-12-15. Paying earlier would risk the IDR 39,261,913.67 minimum."
request_42,52100.00,affordable_now,full_payment,2026-01-05:52100,2026-01-05,none,"Pay INR 52,100 today. This leaves at least INR 177,587.56 available."
request_43,9868266.98,affordable_later,wait,2024-10-15:43339000,2024-10-15,none,"Pay IDR 43,339,000 in full on 2024-10-15. Paying earlier would risk the IDR 21,814,152.92 minimum."
request_44,0,not_affordable,not_recommended,none,,none,"Do not make this payment by 2025-04-15. None of the available options keeps the INR 82,900 minimum protected."
request_45,5270814.54,affordable_later,wait,2026-08-15:21983000,2026-08-15,none,"Pay IDR 21,983,000 in full on 2026-08-15. Paying earlier would risk the IDR 14,970,367.78 minimum."
request_46,49450.00,affordable_with_plan,installments,2024-12-03:25714|2024-12-31:25714,2024-12-03,none,"Use 2 installments of INR 25,714, starting 2024-12-03. This leaves at least INR 110,761.21 available."
request_47,38114000.00,affordable_now,full_payment,2025-05-05:38114000,2025-05-05,none,"Pay IDR 38,114,000 today. This leaves at least IDR 40,878,535.59 available."
request_48,45700.00,affordable_now,full_payment,2026-07-25:45700,2026-07-25,none,"Pay INR 45,700 today. This leaves at least INR 100,073.55 available."
request_49,15786210.35,affordable_with_plan,installments,2024-03-18:11902106.67|2024-04-18:11902106.67|2024-05-19:11902106.67,2024-04-15,none,"Use 3 installments of IDR 11,902,106.67, starting 2024-03-18. This leaves at least IDR 36,061,910.35 available."
request_50,43900.00,affordable_now,full_payment,2025-08-06:43900,2025-08-06,none,"Pay INR 43,900 today. This leaves at least INR 162,035.60 available."
request_51,2191000.00,affordable_now,full_payment,2026-01-03:2191000,2026-01-03,none,"Pay IDR 2,191,000 today. This leaves at least IDR 21,070,983.61 available."
request_52,21927.86,affordable_later,wait,2024-06-15:28870,2024-06-15,none,"Pay INR 28,870 in full on 2024-06-15. Paying earlier would risk the INR 63,427.86 minimum."
request_53,714.42,affordable_with_plan,installments,2025-11-21:589.06|2025-12-19:589.06|2026-01-16:589.06,2025-11-15,none,"Use 3 installments of USD 589.06, starting 2025-11-21. This leaves at least USD 2,814.42 available."
request_54,6458.84,not_affordable,not_recommended,none,,none,"Do not make this payment by 2026-08-21. None of the available options keeps the ZAR 37,000 minimum protected."
request_55,133498.57,affordable_with_plan,installments,2026-06-11:75781.33|2026-07-12:75781.33|2026-08-12:75781.33,2026-06-15,none,"Use 3 installments of INR 75,781.33, starting 2026-06-11. This leaves at least INR 182,017.24 available."
request_56,777.10,affordable_with_plan,partial_payment,2025-02-03:777.10|2025-02-15:104.46,2025-02-15,none,"Pay USD 777.10 today and USD 104.46 on 2025-02-15. This completes the USD 881.56 payment by 2025-02-15 and leaves at least USD 2,100.00 available."
request_57,14724.02,affordable_later,wait,2026-05-15:61446,2026-05-15,none,"Pay ZAR 61,446 in full on 2026-05-15. Paying earlier would risk the ZAR 43,727.64 minimum."
request_58,0,not_affordable,not_recommended,none,,none,"Do not make this payment by 2025-01-25. None of the available options keeps the IDR 14,433,900 minimum protected."
request_59,140600.00,affordable_with_plan,installments,2025-05-07:48741.33|2025-06-04:48741.33|2025-07-02:48741.33,2025-05-04,none,"Use 3 installments of INR 48,741.33, starting 2025-05-07. This leaves at least INR 532,249.58 available."
request_60,199.89,affordable_now,full_payment,2026-01-06:199.89,2026-01-06,none,Pay USD 199.89 today. This leaves at least USD 402.31 available.
request_61,29062.00,affordable_with_plan,installments,2024-03-17:10074.83|2024-04-17:10074.83|2024-05-18:10074.83,2024-03-03,none,"Use 3 installments of ZAR 10,074.83, starting 2024-03-17. This leaves at least ZAR 50,076.96 available."
request_62,404.23,affordable_now,full_payment,2025-08-05:404.23,2025-08-05,none,"Pay USD 404.23 today. This leaves at least USD 4,424.88 available."
request_63,60509.98,affordable_with_plan,partial_payment,2026-07-07:60509.98|2026-08-15:283390.02,2026-08-15,none,"Pay INR 60,509.98 today and INR 283,390.02 on 2026-08-15. This completes the INR 343,900 payment by 2026-08-15 and leaves at least INR 153,500.00 available."
request_64,48241.60,affordable_with_plan,installments,2024-06-11:22082.67|2024-07-12:22082.67|2024-08-12:22082.67,2024-06-15,none,"Use 3 installments of INR 22,082.67, starting 2024-06-11. This leaves at least INR 62,258.93 available."
request_65,7114.42,not_affordable,not_recommended,none,,none,"Do not make this payment by 2025-11-25. None of the available options keeps the ZAR 15,500 minimum protected."
request_66,22200.00,affordable_now,full_payment,2026-04-03:22200,2026-04-03,none,"Pay INR 22,200 today. This leaves at least INR 240,826.17 available."
request_67,590.70,affordable_later,wait,2024-10-15:2094,2024-10-15,none,"Pay USD 2,094 in full on 2024-10-15. Paying earlier would risk the USD 1,790.70 minimum."
request_68,1631.00,affordable_with_plan,installments,2025-02-14:725.09|2025-03-14:725.09|2025-04-11:725.09,2025-02-23,none,"Use 3 installments of USD 725.09, starting 2025-02-14. This leaves at least USD 2,405.91 available."
request_69,529.10,affordable_now,full_payment,2026-01-04:529.1,2026-01-04,none,Pay EUR 529.1 today. This leaves at least EUR 834.36 available.
request_70,59952.21,affordable_later,wait,2025-02-15:243900,2025-02-15,none,"Pay INR 243,900 in full on 2025-02-15. Paying earlier would risk the INR 174,952.21 minimum."
request_71,2172849.03,not_affordable,not_recommended,none,2025-06-15,none,"Do not make this payment by 2025-05-28. None of the available options keeps the IDR 8,884,800 minimum protected."
request_72,4625.00,not_affordable,not_recommended,none,,none,"Do not make this payment by 2026-07-14. None of the available options keeps the ZAR 12,200 minimum protected."
request_73,71400.00,affordable_now,full_payment,2023-01-20:71400,2023-01-20,none,"Pay INR 71,400 today. This leaves at least INR 142,864.29 available."
request_74,5010.00,affordable_now,full_payment,2025-08-04:5010,2025-08-04,none,"Pay ZAR 5,010 today. This leaves at least ZAR 61,725.60 available."
request_75,28130.92,not_affordable,not_recommended,none,,none,"Do not make this payment by 2026-06-12. None of the available options keeps the ZAR 39,000 minimum protected."
request_76,1117.02,not_affordable,not_recommended,none,2024-07-15,none,"Do not make this payment by 2024-07-30. None of the available options keeps the USD 1,800 minimum protected."
request_77,60700.00,affordable_now,full_payment,2025-11-05:60700,2025-11-05,none,"Pay INR 60,700 today. This leaves at least INR 84,770.66 available."
request_78,50200.00,affordable_now,full_payment,2025-10-02:50200,2025-10-02,none,"Pay INR 50,200 today. This leaves at least INR 62,507.23 available."
request_79,470.03,not_affordable,not_recommended,none,2024-11-15,none,"Do not make this payment by 2024-11-01. None of the available options keeps the EUR 1,000 minimum protected."
request_80,125410.00,not_affordable,not_recommended,none,2025-04-15,none,"Do not make this payment by 2025-02-21. None of the available options keeps the INR 121,300 minimum protected."
request_81,2076.00,affordable_now,full_payment,2026-07-03:2076,2026-07-03,none,"Pay USD 2,076 today. This leaves at least USD 1,977.36 available."
request_82,628.74,affordable_later,wait,2025-01-15:1405.2,2025-01-15,none,"Pay USD 1,405.2 in full on 2025-01-15. Paying earlier would risk the USD 1,665.88 minimum."
request_83,0,not_affordable,not_recommended,none,,none,"Do not make this payment by 2025-06-17. None of the available options keeps the INR 37,800 minimum protected."
request_84,39339.39,affordable_later,wait,2026-04-15:95400,2026-04-15,none,"Pay INR 95,400 in full on 2026-04-15. Paying earlier would risk the INR 130,639.39 minimum."
request_85,1270712.29,not_affordable,not_recommended,none,,none,"Do not make this payment by 2024-04-26. None of the available options keeps the IDR 6,396,300 minimum protected."
request_86,6452.81,not_affordable,not_recommended,none,,none,"Do not make this payment by 2025-08-22. None of the available options keeps the INR 84,900 minimum protected."
request_87,0,not_affordable,not_recommended,none,,none,"Do not make this payment by 2026-03-15. None of the available options keeps the INR 185,900 minimum protected."
request_88,11959.79,affordable_with_plan,installments,2024-06-14:9045.23|2024-07-15:9045.23|2024-08-15:9045.23,2024-06-15,none,"Use 3 installments of ZAR 9,045.23, starting 2024-06-14. This leaves at least ZAR 28,714.56 available."
request_89,10945379.21,affordable_with_plan,installments,2025-11-18:4768746.67|2025-12-16:4768746.67|2026-01-13:4768746.67,2025-11-15,none,"Use 3 installments of IDR 4,768,746.67, starting 2025-11-18. This leaves at least IDR 20,794,922.32 available."
request_90,2560.00,affordable_now,full_payment,2026-07-06:2560,2026-07-06,none,"Pay ZAR 2,560 today. This leaves at least ZAR 27,299.78 available."
request_91,728.87,affordable_later,wait,2024-10-15:1927.2,2024-10-15,none,"Pay EUR 1,927.2 in full on 2024-10-15. Paying earlier would risk the EUR 2,733.25 minimum."
request_92,34034.00,affordable_now,full_payment,2025-02-05:34034,2025-02-05,none,"Pay ZAR 34,034 today. This leaves at least ZAR 32,914.05 available."
request_93,1729.20,affordable_now,full_payment,2026-04-07:1729.2,2026-04-07,none,"Pay USD 1,729.2 today. This leaves at least USD 2,090.47 available."
request_94,572.00,affordable_now,full_payment,2024-12-04:572,2024-12-04,none,"Pay EUR 572 today. This leaves at least EUR 1,955.23 available."
request_95,38005.17,not_affordable,not_recommended,none,,none,"Do not make this payment by 2025-07-14. None of the available options keeps the INR 145,500 minimum protected."
request_96,84764.35,affordable_with_plan,installments,2026-01-10:31269.33|2026-02-09:31269.33|2026-03-11:31269.33,2026-01-15,none,"Use 3 installments of INR 31,269.33, starting 2026-01-10. This leaves at least INR 108,853.42 available."
request_97,2929.44,affordable_with_plan,installments,2024-03-19:8145.28|2024-04-19:8145.28|2024-05-20:8145.28,2024-04-15,none,"Use 3 installments of ZAR 8,145.28, starting 2024-03-19. This leaves at least ZAR 32,629.44 available."
request_98,9788.31,affordable_later,wait,2025-09-15:27148,2025-09-15,none,"Pay ZAR 27,148 in full on 2025-09-15. Paying earlier would risk the ZAR 39,788.31 minimum."
request_99,18062.00,affordable_now,full_payment,2026-07-04:18062,2026-07-04,none,"Pay ZAR 18,062 today. This leaves at least ZAR 54,609.21 available."
request_100,31359.03,affordable_with_plan,installments,2024-06-13:12866.19|2024-07-14:12866.19|2024-08-14:12866.19,2024-06-15,none,"Use 3 installments of ZAR 12,866.19, starting 2024-06-13. This leaves at least ZAR 50,992.84 available."
request_101,143500.00,affordable_now,full_payment,2025-11-03:143500,2025-11-03,none,"Pay INR 143,500 today. This leaves at least INR 210,382.84 available."
request_102,1716.00,affordable_with_plan,installments,2026-04-05:594.88|2026-05-05:594.88|2026-06-04:594.88,2026-04-05,none,"Use 3 installments of EUR 594.88, starting 2026-04-05. This leaves at least EUR 3,848.48 available."
request_103,19956.66,not_affordable,not_recommended,none,2024-11-15,none,"Do not make this payment by 2024-10-07. None of the available options keeps the INR 125,500 minimum protected."
request_104,17204.00,affordable_now,full_payment,2025-02-04:17204,2025-02-04,none,"Pay ZAR 17,204 today. This leaves at least ZAR 34,022.79 available."
request_105,53500.00,affordable_now,full_payment,2026-06-08:53500,2026-06-08,none,"Pay INR 53,500 today. This leaves at least INR 83,387.83 available."
request_106,539.84,affordable_later,wait,2025-02-15:2207.7,2025-02-15,none,"Pay EUR 2,207.7 in full on 2025-02-15. Paying earlier would risk the EUR 1,739.84 minimum."
request_107,1345.03,not_affordable,not_recommended,none,,none,"Do not make this payment by 2025-07-04. None of the available options keeps the EUR 1,600 minimum protected."
request_108,4947.66,not_affordable,not_recommended,none,2026-09-15,none,"Do not make this payment by 2026-07-26. None of the available options keeps the ZAR 24,100 minimum protected."
request_109,817.23,affordable_with_plan,installments,2024-03-18:645.98|2024-04-18:645.98|2024-05-19:645.98,2024-04-15,none,"Use 3 installments of EUR 645.98, starting 2024-03-18. This leaves at least EUR 2,517.23 available."
request_110,22352.00,affordable_with_plan,installments,2025-08-06:7748.69|2025-09-03:7748.69|2025-10-01:7748.69,2025-08-06,none,"Use 3 installments of ZAR 7,748.69, starting 2025-08-06. This leaves at least ZAR 48,044.43 available."
request_111,16625000.00,affordable_now,full_payment,2026-04-03:16625000,2026-04-03,none,"Pay IDR 16,625,000 today. This leaves at least IDR 33,667,854.85 available."
request_112,0,not_affordable,not_recommended,none,,none,Do not make this payment by 2024-06-14. None of the available options keeps the EUR 500 minimum protected.
request_113,36500.00,affordable_now,full_payment,2026-09-04:36500,2026-09-04,none,"Pay INR 36,500 today. This leaves at least INR 83,169.65 available."
request_114,65300.00,affordable_now,full_payment,2026-01-04:65300,2026-01-04,none,"Pay INR 65,300 today. This leaves at least INR 127,074.26 available."
request_115,16371.71,affordable_later,wait,2024-11-15:80500,2024-11-15,none,"Pay INR 80,500 in full on 2024-11-15. Paying earlier would risk the INR 55,171.71 minimum."
request_116,27680.16,not_affordable,not_recommended,none,,none,"Do not make this payment by 2025-04-16. None of the available options keeps the INR 80,300 minimum protected."
request_117,880.00,affordable_now,full_payment,2026-07-05:880,2026-07-05,none,"Pay EUR 880 today. This leaves at least EUR 1,084.01 available."
request_118,718.12,affordable_with_plan,installments,2024-12-07:255.87|2025-01-07:255.87|2025-02-07:255.87,2024-12-15,none,"Use 3 installments of EUR 255.87, starting 2024-12-07. This leaves at least EUR 1,019.31 available."
request_119,0,not_affordable,not_recommended,none,,none,"Do not make this payment by 2025-07-17. None of the available options keeps the INR 151,200 minimum protected."
request_120,7714000.00,affordable_now,full_payment,2026-04-06:7714000,2026-04-06,none,"Pay IDR 7,714,000 today. This leaves at least IDR 22,619,480 available."
request_121,633.60,affordable_now,full_payment,2024-03-03:633.6,2024-03-03,none,Pay USD 633.6 today. This leaves at least USD 963.12 available.
request_122,20558000.00,affordable_with_plan,installments,2025-08-05:7126773.33|2025-09-02:7126773.33|2025-09-30:7126773.33,2025-08-05,none,"Use 3 installments of IDR 7,126,773.33, starting 2025-08-05. This leaves at least IDR 47,588,183.25 available."
request_123,4076000.00,affordable_now,full_payment,2026-01-07:4076000,2026-01-07,none,"Pay IDR 4,076,000 today. This leaves at least IDR 39,315,772.96 available."
request_124,1498.40,affordable_with_plan,installments,2024-06-11:1076.12|2024-07-12:1076.12|2024-08-12:1076.12,2024-07-15,none,"Use 3 installments of EUR 1,076.12, starting 2024-06-11. This leaves at least EUR 2,020.36 available."
request_125,6468.00,affordable_now,full_payment,2025-11-06:6468,2025-11-06,none,"Pay ZAR 6,468 today. This leaves at least ZAR 12,477.54 available."
request_126,159600.00,affordable_now,full_payment,2026-07-03:159600,2026-07-03,none,"Pay INR 159,600 today. This leaves at least INR 183,262.04 available."
request_127,0,not_affordable,not_recommended,none,,none,"Do not make this payment by 2024-10-18. None of the available options keeps the ZAR 41,000 minimum protected."
request_128,25168.00,affordable_now,full_payment,2025-02-07:25168,2025-02-07,none,"Pay ZAR 25,168 today. This leaves at least ZAR 46,674.81 available."
request_129,154.54,not_affordable,not_recommended,none,,none,Do not make this payment by 2026-06-18. None of the available options keeps the USD 800 minimum protected.
request_130,596.07,affordable_later,wait,2024-12-15:1978.8,2024-12-15,none,"Pay USD 1,978.8 in full on 2024-12-15. Paying earlier would risk the USD 1,912.25 minimum."
request_131,1332.29,affordable_with_plan,installments,2025-05-06:643.14|2025-06-03:643.14|2025-07-01:643.14,2025-05-23,none,"Use 3 installments of USD 643.14, starting 2025-05-06. This leaves at least USD 1,652.79 available."
request_132,379.86,affordable_now,full_payment,2026-01-05:379.86,2026-01-05,none,"Pay USD 379.86 today. This leaves at least USD 1,131.24 available."
request_133,850319.59,not_affordable,not_recommended,none,,none,"Do not make this payment by 2024-03-29. None of the available options keeps the IDR 9,986,200 minimum protected."
request_134,7343943.67,affordable_later,wait,2025-09-15:21831000,2025-09-15,none,"Pay IDR 21,831,000 in full on 2025-09-15. Paying earlier would risk the IDR 20,839,744.09 minimum."
request_135,304.80,affordable_now,full_payment,2026-07-06:304.8,2026-07-06,none,Pay USD 304.8 today. This leaves at least USD 567.82 available.
request_136,560.40,affordable_now,full_payment,2024-06-03:560.4,2024-06-03,none,"Pay USD 560.4 today. This leaves at least USD 1,222.39 available."
request_137,36357.58,affordable_later,wait,2025-12-15:80100,2025-12-15,none,"Pay INR 80,100 in full on 2025-12-15. Paying earlier would risk the INR 95,395.38 minimum."
request_138,1090.28,affordable_with_plan,partial_payment,2026-04-07:1090.28|2026-04-15:166.66,2026-04-15,none,"Pay EUR 1,090.28 today and EUR 166.66 on 2026-04-15. This completes the EUR 1,256.94 payment by 2026-04-15 and leaves at least EUR 2,300.00 available."
request_139,1534.67,affordable_with_plan,installments,2024-09-07:802.88|2024-10-08:802.88|2024-11-08:802.88,2024-09-15,none,"Use 3 installments of USD 802.88, starting 2024-09-07. This leaves at least USD 2,231.79 available."
request_140,0,not_affordable,not_recommended,none,,none,"Do not make this payment by 2025-03-04. None of the available options keeps the ZAR 21,600 minimum protected."
request_141,33874.66,not_affordable,not_recommended,none,2026-03-15,none,"Do not make this payment by 2026-02-12. None of the available options keeps the INR 67,300 minimum protected."
request_142,1263.60,affordable_now,full_payment,2024-12-05:1263.6,2024-12-05,none,"Pay USD 1,263.6 today. This leaves at least USD 4,502.35 available."
request_143,4313.70,affordable_later,wait,2025-06-15:12584,2025-06-15,none,"Pay ZAR 12,584 in full on 2025-06-15. Paying earlier would risk the ZAR 14,651.78 minimum."
request_144,0,not_affordable,not_recommended,none,,none,Do not make this payment by 2026-07-26. None of the available options keeps the USD 600 minimum protected.
request_145,49394.18,affordable_with_plan,installments,2024-03-20:75365.33|2024-04-20:75365.33|2024-05-21:75365.33,2024-04-15,none,"Use 3 installments of INR 75,365.33, starting 2024-03-20. This leaves at least INR 204,794.18 available."
request_146,25072.28,not_affordable,not_recommended,none,,none,"Do not make this payment by 2025-10-17. None of the available options keeps the INR 108,600 minimum protected."
request_147,0,not_affordable,not_recommended,none,,none,Do not make this payment by 2026-06-07. None of the available options keeps the EUR 900 minimum protected.
request_148,10459.85,affordable_with_plan,installments,2024-06-14:7710.56|2024-07-15:7710.56|2024-08-15:7710.56,2024-06-15,none,"Use 3 installments of ZAR 7,710.56, starting 2024-06-14. This leaves at least ZAR 22,749.29 available."
request_149,27842.70,affordable_with_plan,installments,2025-11-18:12706.03|2025-12-16:12706.03|2026-01-13:12706.03,2025-11-15,none,"Use 3 installments of ZAR 12,706.03, starting 2025-11-18. This leaves at least ZAR 67,811.49 available."
request_150,380.84,affordable_with_plan,installments,2026-01-06:171.98|2026-02-05:171.98|2026-03-07:171.98,2026-01-15,none,"Use 3 installments of EUR 171.98, starting 2026-01-06. This leaves at least EUR 908.86 available."
request_151,26999000.00,affordable_now,full_payment,2024-09-03:26999000,2024-09-03,none,"Pay IDR 26,999,000 today. This leaves at least IDR 35,463,480.53 available."
request_152,12363.42,affordable_with_plan,installments,2025-02-12:4812.43|2025-03-12:4812.43|2025-04-09:4812.43,2025-02-15,none,"Use 3 installments of ZAR 4,812.43, starting 2025-02-12. This leaves at least ZAR 18,452.51 available."
request_153,277.65,affordable_later,wait,2026-09-15:2830.8,2026-09-15,none,"Pay USD 2,830.8 in full on 2026-09-15. Paying earlier would risk the USD 1,422.2528 minimum."
request_154,1625.80,affordable_with_plan,installments,2024-12-04:563.61|2025-01-04:563.61|2025-02-04:563.61,2024-12-04,none,"Use 3 installments of EUR 563.61, starting 2024-12-04. This leaves at least EUR 3,688.84 available."
request_155,36932.57,not_affordable,not_recommended,none,,none,"Do not make this payment by 2025-05-20. None of the available options keeps the INR 56,300 minimum protected."
request_156,12458.20,affordable_later,wait,2026-05-15:43076,2026-05-15,none,"Pay ZAR 43,076 in full on 2026-05-15. Paying earlier would risk the ZAR 29,003.62 minimum."
request_157,6968905.82,affordable_later,wait,2024-04-15:23503000,2024-04-15,none,"Pay IDR 23,503,000 in full on 2024-04-15. Paying earlier would risk the IDR 22,357,527.34 minimum."
request_158,242600.00,affordable_with_plan,installments,2025-08-07:84101.33|2025-09-04:84101.33|2025-10-02:84101.33,2025-08-07,none,"Use 3 installments of INR 84,101.33, starting 2025-08-07. This leaves at least INR 320,050.61 available."
request_159,13398.00,affordable_now,full_payment,2026-01-04:13398,2026-01-04,none,"Pay ZAR 13,398 today. This leaves at least ZAR 11,672.28 available."
request_160,643.61,affordable_with_plan,installments,2024-06-13:432.05|2024-07-14:432.05|2024-08-14:432.05,2024-06-15,none,"Use 3 installments of EUR 432.05, starting 2024-06-13. This leaves at least EUR 1,411.56 available."
request_161,0,not_affordable,not_recommended,none,,none,"Do not make this payment by 2026-01-15. None of the available options keeps the IDR 23,010,400 minimum protected."
request_162,4603254.21,not_affordable,not_recommended,none,,none,"Do not make this payment by 2026-08-26. None of the available options keeps the IDR 24,161,100 minimum protected."
request_163,13194545.81,affordable_with_plan,installments,2024-09-10:6692053.33|2024-10-11:6692053.33|2024-11-11:6692053.33,2024-09-15,none,"Use 3 installments of IDR 6,692,053.33, starting 2024-09-10. This leaves at least IDR 33,231,192.48 available."
request_164,27018000.00,affordable_with_plan,installments,2025-02-11:9366240|2025-03-11:9366240|2025-04-08:9366240,2025-02-04,none,"Use 3 installments of IDR 9,366,240, starting 2025-02-11. This leaves at least IDR 55,766,280.07 available."
request_165,80600.00,affordable_now,full_payment,2026-04-06:80600,2026-04-06,none,"Pay INR 80,600 today. This leaves at least INR 120,215.95 available."
request_166,2907.60,affordable_with_plan,installments,2024-12-03:1007.97|2025-01-03:1007.97|2025-02-03:1007.97,2024-12-03,none,"Use 3 installments of USD 1,007.97, starting 2024-12-03. This leaves at least USD 7,107.93 available."
request_167,43802.00,affordable_now,full_payment,2025-05-05:43802,2025-05-05,none,"Pay ZAR 43,802 today. This leaves at least ZAR 42,792.86 available."
request_168,42462.30,affordable_with_plan,partial_payment,2026-01-07:42462.30|2026-01-15:6917.70,2026-01-15,none,"Pay INR 42,462.30 today and INR 6,917.70 on 2026-01-15. This completes the INR 49,380 payment by 2026-01-15 and leaves at least INR 114,400.00 available."
request_169,41976.00,affordable_now,full_payment,2024-03-04:41976,2024-03-04,none,"Pay ZAR 41,976 today. This leaves at least ZAR 28,691.59 available."
request_170,34633492.64,affordable_with_plan,installments,2025-08-06:12804480|2025-09-03:12804480|2025-10-01:12804480,2025-08-15,none,"Use 3 installments of IDR 12,804,480, starting 2025-08-06. This leaves at least IDR 46,544,812.64 available."
request_171,114.07,not_affordable,not_recommended,none,,none,Do not make this payment by 2026-09-10. None of the available options keeps the EUR 500 minimum protected.
request_172,10200.00,affordable_with_plan,installments,2024-06-05:5304|2024-07-03:5304,2024-06-05,none,"Use 2 installments of ZAR 5,304, starting 2024-06-05. This leaves at least ZAR 33,251.24 available."
request_173,70005.94,affordable_with_plan,installments,2025-11-21:39173.33|2025-12-19:39173.33|2026-01-16:39173.33,2025-12-15,none,"Use 3 installments of INR 39,173.33, starting 2025-11-21. This leaves at least INR 149,105.94 available."
request_174,1146.20,affordable_with_plan,installments,2026-04-04:397.35|2026-05-04:397.35|2026-06-03:397.35,2026-04-04,none,"Use 3 installments of EUR 397.35, starting 2026-04-04. This leaves at least EUR 1,005.36 available."
request_175,2346.30,affordable_now,full_payment,2024-09-06:2346.3,2024-09-06,none,"Pay EUR 2,346.3 today. This leaves at least EUR 2,243.07 available."
request_176,461.95,not_affordable,not_recommended,none,2025-04-15,none,Do not make this payment by 2025-02-27. None of the available options keeps the EUR 600 minimum protected.
request_177,1017.60,affordable_now,full_payment,2026-01-05:1017.6,2026-01-05,none,"Pay USD 1,017.6 today. This leaves at least USD 1,669.63 available."
request_178,2938.10,affordable_with_plan,installments,2024-12-07:1018.54|2025-01-07:1018.54|2025-02-07:1018.54,2024-12-07,none,"Use 3 installments of EUR 1,018.54, starting 2024-12-07. This leaves at least EUR 6,406.06 available."
request_179,13694869.84,affordable_later,wait,2025-06-15:41648000,2025-06-15,none,"Pay IDR 41,648,000 in full on 2025-06-15. Paying earlier would risk the IDR 53,065,340.88 minimum."
request_180,40538.70,not_affordable,not_recommended,none,,none,"Do not make this payment by 2026-09-02. None of the available options keeps the INR 37,300 minimum protected."
request_181,574.57,not_affordable,not_recommended,none,,none,"Do not make this payment by 2024-04-07. None of the available options keeps the USD 2,000 minimum protected."
request_182,65714.00,affordable_now,full_payment,2025-08-05:65714,2025-08-05,none,"Pay ZAR 65,714 today. This leaves at least ZAR 43,850.76 available."
request_183,25629061.12,affordable_with_plan,installments,2026-04-10:9313546.67|2026-05-10:9313546.67|2026-06-09:9313546.67,2026-04-15,none,"Use 3 installments of IDR 9,313,546.67, starting 2026-04-10. This leaves at least IDR 28,193,814.45 available."
request_184,22773.97,not_affordable,not_recommended,none,2024-06-15,none,"Do not make this payment by 2024-07-30. None of the available options keeps the INR 110,800 minimum protected."
request_185,493.03,affordable_later,wait,2025-12-15:1257.3,2025-12-15,none,"Pay EUR 1,257.3 in full on 2025-12-15. Paying earlier would risk the EUR 1,793.03 minimum."
request_186,9103.67,affordable_later,wait,2026-02-15:26554,2026-02-15,none,"Pay ZAR 26,554 in full on 2026-02-15. Paying earlier would risk the ZAR 31,103.67 minimum."
request_187,45576.87,affordable_later,wait,2024-11-15:187500,2024-11-15,none,"Pay INR 187,500 in full on 2024-11-15. Paying earlier would risk the INR 173,876.87 minimum."
request_188,238.30,not_affordable,not_recommended,none,,none,Do not make this payment by 2025-03-04. None of the available options keeps the EUR 900 minimum protected.
request_189,488.40,affordable_now,full_payment,2026-07-04:488.4,2026-07-04,none,Pay EUR 488.4 today. This leaves at least EUR 536.20 available.
request_190,910.67,affordable_later,wait,2025-01-15:2557.5,2025-01-15,none,"Pay EUR 2,557.5 in full on 2025-01-15. Paying earlier would risk the EUR 2,119.95 minimum."
request_191,664.40,affordable_now,full_payment,2025-05-03:664.4,2025-05-03,none,Pay EUR 664.4 today. This leaves at least EUR 656.50 available.
request_192,220.45,not_affordable,not_recommended,none,,none,"Do not make this payment by 2026-05-11. None of the available options keeps the USD 1,000 minimum protected."
request_193,211.39,affordable_with_plan,installments,2024-03-21:420.23|2024-04-21:420.23|2024-05-22:420.23,2024-03-15,none,"Use 3 installments of EUR 420.23, starting 2024-03-21. This leaves at least EUR 1,211.39 available."
request_194,47772.37,affordable_later,wait,2025-10-23:132800,2025-10-23,none,"Pay INR 132,800 in full on 2025-10-23. Paying earlier would risk the INR 161,372.37 minimum."
request_195,1102.36,affordable_with_plan,installments,2026-01-09:405.74|2026-02-08:405.74|2026-03-10:405.74,2026-01-15,none,"Use 3 installments of EUR 405.74, starting 2026-01-09. This leaves at least EUR 1,396.62 available."
request_196,762.30,affordable_now,full_payment,2024-06-03:762.3,2024-06-03,none,Pay EUR 762.3 today. This leaves at least EUR 696.34 available.
request_197,0,not_affordable,not_recommended,none,,none,"Do not make this payment by 2026-01-21. None of the available options keeps the IDR 26,245,900 minimum protected."
request_198,185800.00,affordable_now,full_payment,2026-07-07:185800,2026-07-07,none,"Pay INR 185,800 today. This leaves at least INR 178,645.64 available."
request_199,23674000.00,affordable_with_plan,installments,2024-09-07:8206986.67|2024-10-08:8206986.67|2024-11-08:8206986.67,2024-09-04,none,"Use 3 installments of IDR 8,206,986.67, starting 2024-09-07. This leaves at least IDR 76,154,545.52 available."
request_200,21717000.00,affordable_now,full_payment,2025-02-06:21717000,2025-02-06,none,"Pay IDR 21,717,000 today. This leaves at least IDR 25,527,924.62 available."
request_201,23997000.00,affordable_now,full_payment,2026-04-03:23997000,2026-04-03,none,"Pay IDR 23,997,000 today. This leaves at least IDR 28,721,149.71 available."
request_202,123900.00,affordable_now,full_payment,2024-12-05:123900,2024-12-05,none,"Pay INR 123,900 today. This leaves at least INR 184,829.54 available."
request_203,1442.10,affordable_with_plan,installments,2025-05-10:499.93|2025-06-07:499.93|2025-07-05:499.93,2025-05-07,none,"Use 3 installments of EUR 499.93, starting 2025-05-10. This leaves at least EUR 5,022.12 available."
request_204,0,not_affordable,not_recommended,none,,none,"Do not make this payment by 2026-01-31. None of the available options keeps the EUR 1,300 minimum protected."
request_205,10621000.00,affordable_now,full_payment,2024-03-06:10621000,2024-03-06,none,"Pay IDR 10,621,000 today. This leaves at least IDR 17,512,256.48 available."
request_206,1404.70,affordable_with_plan,installments,2025-08-03:486.96|2025-08-31:486.96|2025-09-28:486.96,2025-08-03,none,"Use 3 installments of EUR 486.96, starting 2025-08-03. This leaves at least EUR 3,226.64 available."
request_207,6737.41,affordable_later,wait,2026-07-15:11830,2026-07-15,none,"Pay ZAR 11,830 in full on 2026-07-15. Paying earlier would risk the ZAR 20,337.41 minimum."
request_208,4413000.00,affordable_now,full_payment,2024-06-07:4413000,2024-06-07,none,"Pay IDR 4,413,000 today. This leaves at least IDR 10,541,048.02 available."
request_209,3034.53,not_affordable,not_recommended,none,,none,"Do not make this payment by 2025-11-25. None of the available options keeps the ZAR 18,400 minimum protected."
request_210,1260.94,affordable_with_plan,partial_payment,2026-04-06:1260.94|2026-04-15:99.08,2026-04-15,none,"Pay USD 1,260.94 today and USD 99.08 on 2026-04-15. This completes the USD 1,360.02 payment by 2026-04-15 and leaves at least USD 2,000.00 available."
request_211,574.04,affordable_later,wait,2024-10-15:1788.6,2024-10-15,none,"Pay EUR 1,788.6 in full on 2024-10-15. Paying earlier would risk the EUR 2,074.04 minimum."
request_212,7756515.92,not_affordable,not_recommended,none,,none,"Do not make this payment by 2025-02-28. None of the available options keeps the IDR 29,579,800 minimum protected."
request_213,3362.40,affordable_with_plan,installments,2026-01-21:1165.63|2026-02-20:1165.63|2026-03-22:1165.63,2026-01-07,none,"Use 3 installments of USD 1,165.63, starting 2026-01-21. This leaves at least USD 3,721.54 available."
request_214,69750.00,affordable_with_plan,installments,2024-12-04:36270|2025-01-01:36270,2024-12-04,none,"Use 2 installments of INR 36,270, starting 2024-12-04. This leaves at least INR 212,109.01 available."
request_215,29986.00,affordable_with_plan,installments,2025-05-09:10395.15|2025-06-06:10395.15|2025-07-04:10395.15,2025-05-06,none,"Use 3 installments of ZAR 10,395.15, starting 2025-05-09. This leaves at least ZAR 44,056.73 available."
request_216,710.77,affordable_later,wait,2026-08-15:3332.4,2026-08-15,none,"Pay USD 3,332.4 in full on 2026-08-15. Paying earlier would risk the USD 2,249.03 minimum."
request_217,23028.54,affordable_with_plan,installments,2024-03-19:12889.07|2024-04-19:12889.07|2024-05-20:12889.07,2024-04-15,none,"Use 3 installments of ZAR 12,889.07, starting 2024-03-19. This leaves at least ZAR 49,828.54 available."
request_218,26419759.72,affordable_with_plan,installments,2025-08-07:21195893.33|2025-09-04:21195893.33|2025-10-02:21195893.33,2025-09-15,none,"Use 3 installments of IDR 21,195,893.33, starting 2025-08-07. This leaves at least IDR 39,701,066.39 available."
request_219,0,not_affordable,not_recommended,none,,none,"Do not make this payment by 2026-06-13. None of the available options keeps the EUR 1,100 minimum protected."
request_220,209.84,not_affordable,not_recommended,none,2024-08-15,none,"Do not make this payment by 2024-07-03. None of the available options keeps the EUR 1,100 minimum protected."
request_221,109800.00,affordable_now,full_payment,2025-11-03:109800,2025-11-03,none,"Pay INR 109,800 today. This leaves at least INR 109,798.30 available."
request_222,34078.00,affordable_now,full_payment,2026-01-05:34078,2026-01-05,none,"Pay ZAR 34,078 today. This leaves at least ZAR 79,991.6 available."
request_223,898.70,affordable_now,full_payment,2024-09-07:898.7,2024-09-07,none,"Pay EUR 898.7 today. This leaves at least EUR 1,049.95 available."
request_224,10327000.00,affordable_with_plan,installments,2025-02-04:5370040|2025-03-04:5370040,2025-02-04,none,"Use 2 installments of IDR 5,370,040, starting 2025-02-04. This leaves at least IDR 32,342,460 available."
request_225,12053608.00,affordable_with_plan,installments,2026-07-20:7647120|2026-08-19:7647120|2026-09-18:7647120,2026-08-15,none,"Use 3 installments of IDR 7,647,120, starting 2026-07-20. This leaves at least IDR 29,724,308.0 available."
request_226,157000.00,affordable_now,full_payment,2024-12-03:157000,2024-12-03,none,"Pay INR 157,000 today. This leaves at least INR 273,606.05 available."
request_227,12861.34,not_affordable,not_recommended,none,,none,"Do not make this payment by 2025-06-20. None of the available options keeps the INR 62,900 minimum protected."
request_228,0,not_affordable,not_recommended,none,,none,"Do not make this payment by 2026-04-30. None of the available options keeps the IDR 26,191,200 minimum protected."
request_229,550.76,affordable_with_plan,installments,2024-03-18:529.29|2024-04-18:529.29|2024-05-19:529.29,2024-04-15,none,"Use 3 installments of EUR 529.29, starting 2024-03-18. This leaves at least EUR 1,550.76 available."
request_230,3537.60,affordable_now,full_payment,2025-08-06:3537.6,2025-08-06,none,"Pay EUR 3,537.6 today. This leaves at least EUR 4,136.38 available."
request_231,35706.00,affordable_with_plan,installments,2026-01-06:12378.08|2026-02-05:12378.08|2026-03-07:12378.08,2026-01-03,none,"Use 3 installments of ZAR 12,378.08, starting 2026-01-06. This leaves at least ZAR 52,441.60 available."
request_232,0,not_affordable,not_recommended,none,,none,"Do not make this payment by 2024-08-15. None of the available options keeps the EUR 2,400 minimum protected."
request_233,0,not_affordable,not_recommended,none,,none,"Do not make this payment by 2025-12-17. None of the available options keeps the IDR 10,365,700 minimum protected."
request_234,322.98,affordable_later,wait,2026-08-15:1213.3,2026-08-15,none,"Pay EUR 1,213.3 in full on 2026-08-15. Paying earlier would risk the EUR 947.78 minimum."
request_235,967.20,affordable_now,full_payment,2024-09-06:967.2,2024-09-06,none,Pay USD 967.2 today. This leaves at least USD 949.69 available.
request_236,7443718.01,not_affordable,not_recommended,none,,none,"Do not make this payment by 2025-02-23. None of the available options keeps the IDR 16,768,600 minimum protected."
request_237,23826000.00,affordable_now,full_payment,2026-04-05:23826000,2026-04-05,none,"Pay IDR 23,826,000 today. This leaves at least IDR 31,949,668.60 available."
request_238,663.60,affordable_with_plan,installments,2024-12-07:230.05|2025-01-07:230.05|2025-02-07:230.05,2024-12-07,none,"Use 3 installments of USD 230.05, starting 2024-12-07. This leaves at least USD 1,526.31 available."
request_239,217.64,not_affordable,not_recommended,none,,none,Do not make this payment by 2025-05-24. None of the available options keeps the USD 600 minimum protected.
request_240,0,not_affordable,not_recommended,none,,none,"Do not make this payment by 2026-03-20. None of the available options keeps the INR 52,800 minimum protected."
request_241,21052000.00,affordable_with_plan,installments,2024-03-17:7298026.67|2024-04-17:7298026.67|2024-05-18:7298026.67,2024-03-03,none,"Use 3 installments of IDR 7,298,026.67, starting 2024-03-17. This leaves at least IDR 25,918,359.10 available."
request_242,0,not_affordable,not_recommended,none,,none,Do not make this payment by 2025-08-25. None of the available options keeps the EUR 600 minimum protected.
request_243,17468.00,affordable_now,full_payment,2026-07-07:17468,2026-07-07,none,"Pay ZAR 17,468 today. This leaves at least ZAR 26,012.68 available."
request_244,49918.00,affordable_now,full_payment,2024-06-04:49918,2024-06-04,none,"Pay ZAR 49,918 today. This leaves at least ZAR 65,608.29 available."
request_245,41863.61,affordable_later,wait,2025-12-15:128500,2025-12-15,none,"Pay INR 128,500 in full on 2025-12-15. Paying earlier would risk the INR 136,463.61 minimum."
request_246,64086.00,affordable_with_plan,installments,2026-04-03:22216.48|2026-05-03:22216.48|2026-06-02:22216.48,2026-04-03,none,"Use 3 installments of ZAR 22,216.48, starting 2026-04-03. This leaves at least ZAR 54,736.22 available."
request_247,1059.30,affordable_now,full_payment,2024-09-05:1059.3,2024-09-05,none,"Pay EUR 1,059.3 today. This leaves at least EUR 1,588.61 available."
request_248,1026.80,affordable_with_plan,partial_payment,2025-02-07:1026.80|2025-03-15:938.80,2025-03-15,none,"Pay USD 1,026.80 today and USD 938.80 on 2025-03-15. This completes the USD 1,965.6 payment by 2025-03-15 and leaves at least USD 1,300.00 available."
request_249,214.02,affordable_later,wait,2026-02-15:643.2,2026-02-15,none,Pay USD 643.2 in full on 2026-02-15. Paying earlier would risk the USD 797.36 minimum.
request_250,17762.28,not_affordable,not_recommended,none,,none,"Do not make this payment by 2025-01-18. None of the available options keeps the ZAR 35,300 minimum protected."
request_251,1513.60,not_affordable,not_recommended,none,2025-05-03,none,"Do not make this payment by 2025-06-06. None of the available options keeps the EUR 1,300 minimum protected."
request_252,6707759.63,affordable_later,wait,2026-08-15:28082000,2026-08-15,none,"Pay IDR 28,082,000 in full on 2026-08-15. Paying earlier would risk the IDR 19,277,315.11 minimum."
request_253,1636.96,affordable_with_plan,installments,2024-03-21:984.6|2024-04-21:984.6|2024-05-22:984.6,2024-04-15,none,"Use 3 installments of EUR 984.6, starting 2024-03-21. This leaves at least EUR 3,936.96 available."
request_254,714.43,affordable_later,wait,2025-09-15:3535.2,2025-09-15,none,"Pay USD 3,535.2 in full on 2025-09-15. Paying earlier would risk the USD 2,619.79 minimum."
request_255,3345000.00,affordable_now,full_payment,2026-04-06:3345000,2026-04-06,none,"Pay IDR 3,345,000 today. This leaves at least IDR 12,361,672.39 available."
request_256,138521.54,not_affordable,not_recommended,none,,none,"Do not make this payment by 2024-08-19. None of the available options keeps the INR 168,600 minimum protected."
request_257,644.06,affordable_later,wait,2025-11-15:1352.4,2025-11-15,none,"Pay USD 1,352.4 in full on 2025-11-15. Paying earlier would risk the USD 1,688.25 minimum."
request_258,1113.60,affordable_now,full_payment,2026-01-07:1113.6,2026-01-07,none,"Pay USD 1,113.6 today. This leaves at least USD 1,306.50 available."
request_259,248.96,affordable_later,wait,2024-11-15:935,2024-11-15,none,Pay EUR 935 in full on 2024-11-15. Paying earlier would risk the EUR 848.96 minimum.
request_260,11127008.47,affordable_with_plan,partial_payment,2025-02-06:11127008.47|2025-03-15:40951991.53,2025-03-15,none,"Pay IDR 11,127,008.47 today and IDR 40,951,991.53 on 2025-03-15. This completes the IDR 52,079,000 payment by 2025-03-15 and leaves at least IDR 20,727,700.00 available."
request_261,1830.40,affordable_now,full_payment,2026-07-03:1830.4,2026-07-03,none,"Pay EUR 1,830.4 today. This leaves at least EUR 2,055.84 available."
request_262,0,not_affordable,not_recommended,none,,none,"Do not make this payment by 2025-01-24. None of the available options keeps the IDR 31,018,500 minimum protected."
request_263,9323.96,affordable_with_plan,partial_payment,2025-05-07:9323.96|2025-06-15:42222.04,2025-06-15,none,"Pay ZAR 9,323.96 today and ZAR 42,222.04 on 2025-06-15. This completes the ZAR 51,546 payment by 2025-06-15 and leaves at least ZAR 24,100.00 available."
request_264,26863.74,affordable_later,wait,2026-05-15:111300,2026-05-15,none,"Pay INR 111,300 in full on 2026-05-15. Paying earlier would risk the INR 67,461.88 minimum."
request_265,45970.00,affordable_now,full_payment,2024-03-06:45970,2024-03-06,none,"Pay INR 45,970 today. This leaves at least INR 329,883.21 available."
request_266,839.38,affordable_with_plan,installments,2025-08-03:324.13|2025-08-31:324.13|2025-09-28:324.13,2025-08-15,none,"Use 3 installments of EUR 324.13, starting 2025-08-03. This leaves at least EUR 1,333.51 available."
request_267,1858.55,affordable_with_plan,installments,2026-01-08:667.33|2026-02-07:667.33|2026-03-09:667.33,2026-01-15,none,"Use 3 installments of EUR 667.33, starting 2026-01-08. This leaves at least EUR 2,494.5840 available."
request_268,1134.52,affordable_with_plan,installments,2024-06-14:841.22|2024-07-15:841.22|2024-08-15:841.22,2024-07-15,none,"Use 3 installments of EUR 841.22, starting 2024-06-14. This leaves at least EUR 1,693.30 available."
request_269,2808.26,not_affordable,not_recommended,none,,none,"Do not make this payment by 2026-01-02. None of the available options keeps the ZAR 23,100 minimum protected."
request_270,255.68,not_affordable,not_recommended,none,2026-09-15,none,"Do not make this payment by 2026-08-30. None of the available options keeps the USD 1,400 minimum protected."
request_271,29719.90,affordable_later,wait,2024-10-15:91300,2024-10-15,none,"Pay INR 91,300 in full on 2024-10-15. Paying earlier would risk the INR 73,953.82 minimum."
request_272,6128654.63,affordable_with_plan,installments,2025-02-12:4709466.67|2025-03-12:4709466.67|2025-04-09:4709466.67,2025-03-15,none,"Use 3 installments of IDR 4,709,466.67, starting 2025-02-12. This leaves at least IDR 8,927,787.96 available."
request_273,10756514.78,affordable_with_plan,partial_payment,2026-04-07:10756514.78|2026-04-15:5104485.22,2026-04-15,none,"Pay IDR 10,756,514.78 today and IDR 5,104,485.22 on 2026-04-15. This completes the IDR 15,861,000 payment by 2026-04-15 and leaves at least IDR 18,774,600.00 available."
request_274,2546.71,affordable_with_plan,installments,2024-12-04:940.75|2025-01-04:940.75|2025-02-04:940.75,2024-12-15,none,"Use 3 installments of EUR 940.75, starting 2024-12-04. This leaves at least EUR 3,354.6400 available."
request_275,15884000.00,affordable_now,full_payment,2025-05-06:15884000,2025-05-06,none,"Pay IDR 15,884,000 today. This leaves at least IDR 15,268,573.40 available."
